<?xml version="1.0" encoding="UTF-8" standalone="yes"?>
<addon id="repository.plugin" name="plugin" version="0.3.0" provider-name="jakub2192">
    <extension point="xbmc.addon.repository" name="Kodi  Addons">
        <dir>
            <info compressed="false">https://raw.githubusercontent.com/jakub2192/anonymous/master/repository/addon.xml</info>
            <checksum>https://raw.githubusercontent.com/jakub2192/anonymous/master/repository/addon.xml.md5</checksum>
            <datadir zip="true">https://raw.githubusercontent.com/jakub2192/anonymous/master/repository/</datadir>
        </dir>
    </extension>
    <extension point="xbmc.addon.metadata">
        <summary>Kodi Addons</summary>
        <description>Kodi Addons</description>
        <platform>all</platform>
        <assets>
        </assets>
    </extension>
</addon>
